aa,Abbrev,Full_name,Pjordan,Rjordan,Avg_jordan,TrifonovConsensusOrderOfRecruitment,Full_Protein_Animal_Phylostratigraphy_Slope,Domain_Animal_Phylostratigraphy_Slope,SlopeAnimal..1496,StErrAnimal..1496,PvalueAnimal..1496,SlopePlant..1496,StErrPlant..1496,PvaluePlant..1496,SlopeAnimal..2101,StErrAnimal..2101,PvalueAnimal..2101,SlopePlant..2101,StErrPlant..2101,PvaluePlant..2101,Slope..2101,StErr..2101,Pvalue..2101,Disorder_Propensity,CAISslope_Estimates,CAISslope_Std.Error,CAISslope_Estimates_noantelope,CAISslope_Std.Error_noantelope,CAISslope_proteomeEstimates_noantelope,CAISslope_proteomeStd.Error_noantelope,mean_LKmarch22,stderr_LKmarch22,VolumeA3,RaifordAerobicCost,Essential,Essential_Costa2015,Levy_Stickiness,Mean_RSA,Polarity,Hydrophobicity,TourasseChangeability,num_Codons,PAM_sub,BLOSUM_sub,Mean_TdS_conf,Absolute_TS,N1redun,N2redun,N3redun,Jordan_st2_D,Jordan_st2_Ribosomal_proteins_with_ancestors_reconstructed_by_PAML‡,Jordan_st2_Ribosomal_proteins_with_ancestors_reconstructed_by_EMAPI‡,Jordan_st2_Eukaryotic_proteins_with_ancestors_reconstructed_by_PAML‡,Jordan_st2_Eukaryotic_proteins_with_ancestors_reconstructed_by_EMAPI‡,Jordan_st1_D,Jordan_st1_Derr,Jordan_t3_D,Jordan_t3_Derr,Jordan_t3_current_frequency,Jordan_t3_asymptotic_frequency,Jordan_t3_Freq_w_unbiased_usage_of_codons,Jordan_t3_Number_of_substitutions_since_origin,Jordan_t3_Initial_freq,NonTrans_Estimates_noantelope,NonTrans_Std.Error_noantelope,Trans_Estimates_noantelope,Trans_Std.Error_noantelope,Old_Estimates_noantelope,Old_Std.Error_noantelope,Young_Estimates_noantelope,Young_Std.Error_noantelope
A,Ala,Alanine,-0.08,-0.05,0.0239,2,-6.88E-07,2.73E-06,-2.10E-06,1.77E-06,0.2361751,7.48E-06,8.08E-06,0.3557452,9.23E-06,1.56E-06,3.36E-09,8.67E-06,1.66E-06,1.85E-07,9.33E-06,1.42E-06,5.87E-11,0.45,0.061574506,0.014517758,0.060626402,0.014034739,0.020738578,0.018457308,0.036671706,0.010825045,88.6,14.5,Non-essential,Non-essential,0.0062,0.782,-0.06,0,4.32,4,2,4,0,0,0,0,4,0.0044,0.0053,-0.0092,0.0049,0.0168,-0.163,0.04,-0.0239,0.00862,0.081,0.058,0.066,NA,0.242,0.028324061,0.01019139,0.037549704,0.012904854,0.024411147,0.010482414,0.03990992,0.013288664
C,Cys,Cysteine,0.31,0.19,-0.0067,16,1.76E-07,-2.41E-06,-1.88E-06,2.11E-06,0.3746901,-2.07E-05,8.89E-06,0.02100993,-5.92E-06,1.40E-06,2.51E-05,-6.56E-06,1.34E-06,1.08E-06,-5.93E-06,1.34E-06,1.09E-05,0,-0.001191586,0.004824591,-0.000999416,0.004779594,0.002484525,0.002694754,-0.004310673,0.013829679,108.5,26.5,Conditionally essential,Non-essential,1.0372,0.899,1.36,NA,1,2,12,9,-0.85,-3.9,0,0,2,0.0055,0.0034,0.0066,0.0058,0.0061,0.452,0.07,0.0067,0.00171,0.012,0.032,0.033,1.363,NA,0.001221199,0.005357886,0.019113822,0.008217433,0.000347261,0.006036347,0.025893528,0.013540948
D,Asp,Aspartic Acid,-0.22,0.04,0.0039,3,1.75E-06,1.36E-06,2.54E-06,1.42E-06,0.07377422,-7.41E-06,3.83E-06,0.05472696,1.72E-07,1.12E-06,0.8775773,-3.97E-07,1.11E-06,0.7211368,2.87E-08,1.06E-06,0.978363,0.407,0.009109333,0.007548097,0.009083796,0.007581976,-0.001262514,0.009930069,0.019292195,0.017575969,111.1,15.5,Non-essential,Non-essential,-0.7485,0.634,-0.8,-1,3.44,2,4,6,-0.78,-4.2,0,0,2,0.0025,0.0026,0.0103,-0.0011,-0.0018,-0.042,0.03,-0.0039,0.00229,0.052,0.047,0.033,NA,0.074,0.016146846,0.006219062,0.00138508,0.006180849,0.019689289,0.0061016,-0.00837811,0.01602935
E,Glu,Glutamic Acid,-0.25,-0.17,0.0137,7,-1.50E-06,-3.85E-06,9.95E-06,2.19E-06,5.82E-06,-5.11E-06,6.77E-06,0.4514546,-2.46E-06,1.29E-06,0.05658818,-5.25E-07,1.42E-06,0.7111336,-1.93E-06,1.26E-06,0.1261407,0.781,-0.056190679,0.009056956,-0.055954736,0.009044816,-0.038104241,0.007693474,-0.015308039,0.016679177,138.4,9.5,Non-essential,Non-essential,-0.7893,0.589,-0.77,-1,3.26,2,4,5,-1.46,-6.4,0,0,2,-0.0096,-0.0162,-0.0035,-0.0123,-0.0065,-0.15,0.03,-0.0137,0.00244,0.065,0.048,0.033,NA,0.136,-0.036920267,0.007163942,-0.049652333,0.017368154,-0.024378163,0.005061082,-0.105009977,0.032861198
F,Phe,Phenalalanine,0.34,0.07,-0.0042,17,1.51E-06,2.95E-06,2.35E-06,1.35E-06,0.08084958,1.92E-06,4.03E-06,0.6346678,-5.39E-06,1.04E-06,2.57E-07,-5.19E-06,1.08E-06,1.60E-06,-5.77E-06,1.02E-06,1.63E-08,0.117,-0.023064626,0.00772071,-0.023156994,0.007746502,-0.012880295,0.004810197,-0.034832045,0.015609997,189.9,61,Essential,Essential,1.2727,0.864,1.27,1,1.71,2,9,6,-0.62,-3.1,0,0,0,0.0052,0.0048,0.0103,0.0033,0.0026,0.12,0.02,0.0042,0.00091,0.042,0.053,0.033,4.067,NA,-0.012330707,0.003761693,-0.035944043,0.006930495,-0.015743825,0.00471625,0.010001517,0.018600802
G,Gly,Glycine,-0.08,-0.03,0.0063,1,1.38E-06,5.45E-06,-1.18E-05,2.03E-06,7.04E-09,5.35E-07,5.96E-06,0.9286133,9.01E-06,1.55E-06,7.01E-09,7.99E-06,1.58E-06,4.36E-07,8.71E-06,1.51E-06,8.57E-09,0.437,0.096847208,0.011143487,0.096342426,0.010993662,0.052961112,0.015864068,0.018508396,0.00910348,60.1,14.5,Conditionally essential,Non-essential,-0.1771,0.731,-0.41,0,2.94,4,5,6,0,0,0,0,4,-0.0016,-0.0087,-0.0075,0.0017,0.0082,-0.098,0.03,-0.0063,0.00253,0.072,0.059,0.066,NA,0.093,0.063880361,0.010487912,0.030880243,0.015217169,0.048667248,0.00969042,0.099997037,0.012113374
H,His,Histidine,0.18,0.09,-0.0073,14,1.83E-07,2.87E-07,-4.20E-07,9.72E-07,0.6660983,-2.41E-06,3.04E-06,0.4298926,-1.70E-06,7.15E-07,0.01740469,-1.49E-06,7.57E-07,0.0489517,-1.73E-06,6.85E-07,0.01185594,0.259,0.010394595,0.003045766,0.010492017,0.003032478,0.008850913,0.003269955,-0.032167461,0.018203622,153.2,29,Essential,Essential,0.1204,0.731,0.49,-1,4.22,2,6,8,-0.95,-4.5,0,0,2,0.001,0.0004,-0.0008,0.0028,0.0018,0.178,0.03,0.0073,0.00107,0.022,0.032,0.033,1.592,NA,0.005289131,0.00562882,0.007198032,0.007167438,0.00527472,0.008390669,0.008585092,0.003989413
I,Ile,Isoleucine,0.08,-0.06,-0.0089,12,3.38E-06,5.10E-06,6.92E-06,1.40E-06,7.71E-07,-2.98E-07,4.08E-06,0.9419102,4.17E-06,1.05E-06,7.16E-05,3.78E-06,1.06E-06,0.000395926,3.87E-06,9.51E-07,4.85E-05,0.09,-0.101535933,0.010759563,-0.101678912,0.010792368,-0.054051966,0.012790484,-0.072971195,0.016799889,166.7,38,Essential,Essential,1.1109,0.875,1.31,1,3.95,3,5,4,-0.76,-2.6,0,0,3,-0.0092,0.0026,-0.0073,0.001,-0.0329,0.072,0.04,0.0089,0.005,0.068,0.077,0.049,2.12,NA,-0.091136658,0.008470631,-0.104055442,0.019167317,-0.093460483,0.008636935,-0.064703159,0.022164994
K,Lys,Lysine,0.07,-0.19,0.0065,15,1.06E-07,-1.75E-06,8.26E-06,2.07E-06,6.63E-05,5.82E-06,6.63E-06,0.3807064,-1.68E-06,1.46E-06,0.2498303,-7.03E-07,1.50E-06,0.6397353,-1.61E-06,1.36E-06,0.2353098,0.588,-0.134890916,0.010085081,-0.134528989,0.010017587,-0.078355839,0.015230027,-0.018455302,0.021054146,168.3,36,Essential,Essential,-1.1806,0.554,-1.18,-1,3.03,2,5,5,-1.89,-9.3,0,0,2,0.0036,-0.0042,0.0216,-0.0048,0.0018,-0.014,0.03,-0.0017,0.00346,0.103,0.1,0.098,NA,0.109,-0.102363365,0.007869384,-0.091662239,0.010803699,-0.085923452,0.006983699,-0.172440931,0.023464538
L,Leu,Leucine,0,-0.04,0.0017,8,-7.14E-07,1.41E-06,1.36E-05,2.28E-06,2.82E-09,2.79E-06,7.28E-06,0.7023908,6.12E-07,1.61E-06,0.7043893,-4.77E-07,1.66E-06,0.7741583,8.91E-07,1.58E-06,0.5734422,0.195,0.020713741,0.013309254,0.020523314,0.013346565,0.012294303,0.014319325,-0.017506538,0.00967662,166.7,37,Essential,Essential,0.9138,0.853,1.21,1,2.25,6,6,4,-0.71,-2.7,2,0,4,-0.0212,-0.0089,-0.0341,-0.0141,-0.0277,-0.075,0.04,-0.0065,0.00333,0.059,0.051,0.033,NA,0.092,0.011584354,0.011982879,0.07305279,0.024680433,0.015056702,0.012998038,0.066349077,0.030905266
M,Met,Methionine,0.23,0.17,-0.0088,19,-3.69E-07,9.49E-07,1.41E-06,7.90E-07,0.07520578,-1.33E-07,2.65E-06,0.9600021,6.04E-07,6.02E-07,0.3158916,9.26E-07,6.38E-07,0.1471159,6.83E-07,5.76E-07,0.2357229,0.291,0.000780939,0.004784179,0.000755376,0.004804939,-0.00368901,0.005228951,-0.030567491,0.022813135,162.9,36.5,Essential,Essential,1.0124,0.841,1.27,1,4.13,1,6,5,-1.46,-4.4,0,0,0,0.0063,0.0059,0.0055,0.0062,0.0077,0.219,0.03,0.0088,0.00126,0.025,0.038,0.016,1.595,NA,0.00241658,0.004752652,0.021892518,0.00800957,0.005225607,0.005067363,0.011116997,0.008607976
N,Asn,Asparagine,0.1,-0.04,-0.0073,13,1.58E-06,-2.01E-07,-1.38E-06,1.23E-06,0.262654,2.43E-06,3.62E-06,0.5032409,-3.37E-06,8.60E-07,9.25E-05,-3.74E-06,8.88E-07,2.60E-05,-3.59E-06,8.01E-07,7.37E-06,0.285,-0.077255039,0.010973429,-0.07697616,0.010961874,-0.037946905,0.013796795,-0.021832629,0.022479097,114.1,18.5,Non-essential,Non-essential,-0.2693,0.658,-0.48,-1,4.1,2,2,6,-1.03,-5.6,0,0,2,-0.0052,0.0037,-0.0002,-0.0041,-0.0201,0.101,0.04,0.0073,0.00268,0.04,0.048,0.033,1.985,NA,-0.049630821,0.008459129,-0.033237726,0.00817521,-0.041225456,0.008025618,-0.069951011,0.013153513
P,Pro,Proline,-0.36,-0.15,0.0139,5,-4.23E-06,-5.96E-06,-2.27E-05,2.40E-06,9.63E-21,6.43E-07,5.29E-06,0.9034263,-7.62E-07,1.12E-06,0.4968856,8.12E-08,1.09E-06,0.9406974,-4.23E-07,1.07E-06,0.6922511,1,0.100387576,0.018746624,0.100451113,0.01883076,0.064227367,0.022081855,0.034615108,0.012885205,112.7,14.5,Conditionally essential,Non-essential,-0.1799,0.658,0,-1,3.03,4,6,7,-0.06,0,0,0,4,-0.0022,-0.0087,0.0005,-0.0042,0.0037,-0.362,0.04,-0.0139,0.00262,0.043,0.022,0.066,NA,0.101,0.034723284,0.008543576,0.022921303,0.007494807,0.026199538,0.007720183,0.056010568,0.01930192
Q,Gln,Glutamine,0.11,-0.09,-0.002,11,-2.52E-06,-5.06E-06,3.46E-06,1.79E-06,0.05328059,-3.20E-06,5.94E-06,0.5904579,-3.86E-06,8.12E-07,2.10E-06,-2.92E-06,7.92E-07,0.000229991,-3.57E-06,7.36E-07,1.28E-06,0.665,-0.002703676,0.00624045,-0.002401443,0.006140267,-0.000975042,0.002735057,0.021556014,0.017724331,143.8,10.5,Conditionally essential,Non-essential,-0.4114,0.636,-0.73,-1,3.73,2,4,5,-1.73,-7.8,0,0,2,0.0103,0.0057,0.0193,0.0037,0.0123,0.037,0.04,0.002,0.00184,0.038,0.041,0.033,3.821,NA,0.010053698,0.006902766,-0.005567352,0.007116636,0.013994232,0.00597601,-0.013240001,0.01638098
R,Arg,Arginine,-0.08,0.18,-0.0038,10,-1.29E-06,-2.24E-06,2.98E-06,1.94E-06,0.1232735,8.46E-06,5.85E-06,0.1495614,-6.24E-07,1.20E-06,0.6034024,-3.41E-07,1.32E-06,0.7964742,-2.78E-07,1.17E-06,0.8122064,0.394,0.083717803,0.00766964,0.083544556,0.007670669,0.052703566,0.011583227,-0.009803655,0.008953327,173.4,20.5,Conditionally essential,Non-essential,-0.0876,0.639,-0.84,-1,3.37,6,6,5,-1.88,-13.7,2,0,4,-0.0059,-0.0041,-0.0286,0.0018,0.0074,0.052,0.05,0.0038,0.00433,0.051,0.056,0.098,3.195,NA,0.074086048,0.007807218,0.048869625,0.007877586,0.066073113,0.008238031,0.076793302,0.012975797
S,Ser,Serine,0.04,0.05,-0.017,6,-3.83E-06,-7.75E-06,-1.42E-05,2.19E-06,1.19E-10,6.33E-07,6.71E-06,0.9250434,-1.61E-06,1.00E-06,0.107516,-3.26E-06,1.13E-06,0.003988755,-1.40E-06,1.00E-06,0.163653,0.713,0.024355381,0.013698795,0.025059685,0.013442567,0.02528435,0.009429691,0.028946326,0.009050981,89,14.5,Non-essential,Non-essential,0.1376,0.722,-0.5,-1,3.96,6,2,4,-1.11,-3.9,2,2,4,0.0116,0.0138,0.0297,0.002,0.0009,0.135,0.03,0.0167,0.00356,0.062,0.08,0.098,1.597,NA,0.021985869,0.007316415,0.026320301,0.013013511,0.029421133,0.007046035,0.003815832,0.015468886
T,Thr,Theonine,-0.02,0.08,-0.0091,9,8.32E-07,-4.20E-07,-3.48E-06,1.36E-06,0.01051044,6.53E-07,3.78E-06,0.8630705,2.38E-06,8.91E-07,0.00760904,1.45E-06,9.69E-07,0.1335275,1.54E-06,8.56E-07,0.07302443,0.401,0.000925584,0.007104502,0.001053142,0.007117123,0.00955594,0.00881647,-0.001628808,0.014308178,116.1,21.5,Essential,Essential,0.1031,0.728,-0.27,-1,4.26,4,3,5,-1.08,-3.9,0,0,4,0.0069,0.0031,0.0116,0.0043,0.0088,0.085,0.02,0.0091,0.00282,0.051,0.061,0.066,1.957,NA,0.008357399,0.005744964,-0.001427565,0.006905995,0.010060091,0.005430698,0.006938397,0.008612138
V,Val,Valine,0.04,0.09,-0.0098,4,2.41E-06,6.37E-06,5.07E-06,1.41E-06,0.000314926,6.87E-06,4.73E-06,0.1480047,7.06E-06,1.15E-06,8.73E-10,7.77E-06,1.30E-06,2.40E-09,7.29E-06,1.15E-06,2.79E-10,0.263,0.023603793,0.006687458,0.023331962,0.006621204,0.001819504,0.006733036,-0.018456839,0.010227566,140,29,Essential,Essential,0.7599,0.857,1.09,1,3.97,4,4,4,-0.43,-1.3,0,0,4,-0.007,-0.0043,-0.0392,0.0026,0.0128,0.063,0.01,0.0098,0.00182,0.069,0.078,0.066,1.927,NA,0.045094527,0.004637567,0.069937174,0.006771715,0.051116027,0.004871165,0.051826828,0.013933257
W,Trp,Tryptophan,0.42,0.11,-2.00E-04,20,5.02E-07,9.19E-07,-1.99E-07,7.59E-07,0.7930612,-4.79E-07,2.50E-06,0.8481861,-1.28E-06,6.27E-07,0.04051672,-1.68E-06,6.57E-07,0.01070872,-1.55E-06,6.18E-07,0.01236893,0.004,0.000667401,0.002420595,0.000604923,0.002417616,0.000538851,0.001852943,0.010089419,0.017556543,227.8,75.5,Essential,Essential,0.7925,0.837,0.88,0,1.04,1,17,11,-0.99,-4.4,0,0,0,0.0022,0.0014,0.0047,0.0007,0.0021,0.007,0.11,0.0002,0.00041,0.011,0.012,0.016,NA,NA,0.001606416,0.001867007,-0.007147413,0.008773086,0.002579877,0.001594611,0.00163406,0.004703227
Y,Tyr,Tyrosine,-0.09,-0.04,5.00E-04,18,1.39E-06,2.11E-06,1.53E-06,1.23E-06,0.2153081,1.48E-06,3.02E-06,0.6254941,-4.55E-06,8.86E-07,2.95E-07,-3.36E-06,8.79E-07,0.000137963,-4.54E-06,8.43E-07,7.74E-08,0.113,-0.033438255,0.006113427,-0.03336576,0.006133984,-0.024193186,0.005412332,-0.02060387,0.020334912,193.6,59,Conditionally essential,Non-essential,0.8806,0.813,0.33,-1,1.38,2,10,7,-1.13,-5.6,0,0,2,0.0025,0.0023,0.0115,-0.0002,-0.0037,-0.042,0.05,-0.0005,0.00118,0.032,0.031,0.033,NA,0.034,-0.03023222,0.004627608,-0.026062213,0.006197741,-0.032735932,0.003733127,-0.009915692,0.01034745